modelo,clase,precision,recall,f1_score,support
Random Forest,GRAVE_LESIONADOS,0.12280701754385964,0.06666666666666667,0.08641975308641975,105
Random Forest,GRAVE_MORTALIDAD,0.24736842105263157,0.25268817204301075,0.25,186
Random Forest,LEVE,0.8793650793650793,0.9046374918354017,0.8918222794591114,1531
XGBoost,GRAVE_LESIONADOS,0.18867924528301888,0.09523809523809523,0.12658227848101267,105
XGBoost,GRAVE_MORTALIDAD,0.2606060606060606,0.23118279569892472,0.245014245014245,186
XGBoost,LEVE,0.8703241895261845,0.9118223383409536,0.8905901116427433,1531
