modelo,accuracy,precision_macro,recall_macro,f1_macro,precision_weighted,recall_weighted,f1_weighted,roc_auc_ovr_macro
XGBoost,0.7941822173435785,0.42307508334887906,0.40482414466949135,0.4104452730760329,0.7671737096296839,0.7941822173435785,0.7796621880909587,0.7604697580794023
Random Forest,0.7870472008781558,0.40483249510938885,0.40256946137563904,0.4014911999426192,0.7689337532322015,0.7870472008781558,0.7774862870305961,0.748193215426825
